{"ticker": "MDA", "queryCount": 2, "resultsCount": 2, "adjusted": true, "results": [{"v": 2311997.215051, "vw": 31.2867, "o": 32, "c": 30.8, "h": 32.26, "l": 30.44, "t": 1773288000000, "n": 21262}, {"v": 863890.645868, "vw": 30.4665, "o": 31, "c": 29.99, "h": 31.8, "l": 29.9, "t": 1773374400000, "n": 7654}], "status": "OK", "request_id": "5eecdca82829bb9b75a8c073be2d0ea1", "count": 2}