{"ticker": "OIO", "queryCount": 4, "resultsCount": 4, "adjusted": true, "results": [{"v": 1299306.476306, "vw": 4.613, "o": 3.07, "c": 3.85, "h": 3.85, "l": 2.8347, "t": 1773115200000, "n": 25886}, {"v": 66028.96707, "vw": 3.4816, "o": 3.33, "c": 3.74, "h": 3.82, "l": 3.16, "t": 1773201600000, "n": 2166}, {"v": 75652.570125, "vw": 3.3705, "o": 3.3, "c": 3.61, "h": 3.65, "l": 2.96, "t": 1773288000000, "n": 1818}, {"v": 48790.493224, "vw": 3.2116, "o": 3.25, "c": 3.34, "h": 3.4, "l": 3.02, "t": 1773374400000, "n": 2291}], "status": "OK", "request_id": "92d43db598aa1708d730a86051bc3a2b", "count": 4}