{"ticker": "QUCY", "queryCount": 2, "resultsCount": 2, "adjusted": true, "results": [{"v": 375703.501757, "vw": 0.7221, "o": 0.7388, "c": 0.7584, "h": 0.792, "l": 0.65, "t": 1773288000000, "n": 1531}, {"v": 275387.004652, "vw": 0.7164, "o": 0.7947, "c": 0.7374, "h": 0.7977, "l": 0.6659, "t": 1773374400000, "n": 785}], "status": "OK", "request_id": "da5fd76e9adc8653cdc901c8fbb48357", "count": 2}